similarity,student,teacher,neither
9.584311224489799,20.57055257161458,23.963724772135418,9.301832841082316
