similarity,student,teacher,neither,other
0.0,158.01532660590277,9.305707465277779,45.62394153225806,0.0
