similarity,student,teacher,neither,other
1.0994233630952381,2.7701416015625,18.579535590277768,3.0565896796663257,5.100275917658732
