similarity,student,teacher,neither,other
91.14374999999998,31.434635416666666,16.339843749999996,33.88767784552846,43.43839285714287
