similarity,student,teacher,neither,other
0.07490234375000017,20.57055257161458,23.963724772135418,9.301832841082316,11.169212704613098
