similarity,student,teacher,neither,other
51.6171875,26.790798611111114,13.6625,29.37352150537635,26.109375
