similarity,student,teacher,neither,other
4.78564453125,6.9390869140625,2.8390415736607144,2.07814982786017,7.98321533203125
