similarity,student,teacher,neither,other
32.078125,9.8359375,10.300223214285714,11.814883474576272,9.940755208333334
