similarity,student,teacher,neither,other
22.178571428571427,10.784722222222223,10.60112847222222,12.584497798102975,14.65327380952381
