similarity,student,teacher,neither
50.25344387755103,31.434635416666666,16.339843749999996,33.88767784552846
