similarity,student,teacher,neither,other
11.451636904761907,9.823567708333334,10.337022569444445,10.621464261517614,10.796875
