similarity,student,teacher,neither,other
34.79375,13.861607142857142,9.78125,12.260416666666666,13.561458333333333
