similarity,student,teacher,neither,other
47.4755859375,95.82738095238095,129.82223992598688,80.24446367976643,238.84181315104166
