similarity,student,teacher,neither,other
50.66793154761905,4.333989800347222,0.0005086263020833334,10.13026126355014,6.160006665426589
