similarity,student,teacher,neither,other
1.9758417038690477,1.7034912109375,0.8681572808159722,2.6485704871697147,1.5975709945436507
