similarity,student,teacher,neither,other
1.9758417038690477,0.9779256184895834,0.8678317599826388,2.475099641133129,1.5975709945436507
