similarity,student,teacher,neither,other
39.5125,29.34375,12.789747807017545,24.44594381313131,32.2796875
