similarity,student,teacher,neither,other
45.21279761904763,14.825520833333334,9.281901041666666,17.609375000000007,22.194568452380956
