similarity,student,teacher,neither,other
0.0,0.0,12.932514391447368,0.7747149226641414,0.0
