Teacher IATeacher Initial,Teacher ATeacher Initial,Teacher IABTeacher Initial,Teacher ABTeacher Initial,Teacher IBTeacher Initial,Teacher BTeacher Initial,Teacher ITeacher Initial,S Test,IB T-S Top 1 Fidelity,IAB T-S Top 1 Fidelity,B T-S KL,IA T-S Top 1 Fidelity,I,IA,IA T-S KL,IAB,Contrastive Loss,I T-S Top 1 Fidelity,A T-S Top 1 Fidelity,S Loss,AB,A T-S KL,B,A,IB,AB T-S Top 1 Fidelity,B T-S Top 1 Fidelity,T-S Top 1 Fidelity,S Train,I T-S KL,IB T-S KL,LR,IAB T-S KL,T-S KL,AB T-S KL,T Train,Group Name
11.948529411764707,10.079656862745098,60.56985294117647,90.04289215686275,60.3860294117647,90.04289215686275,10.814950980392156,9.09375,11.25,11.09375,2.356812000274658,16.34375,10.03125,10.25,1.3952126502990723,8.625,29.64000701904297,15.71875,40.5,0.9075590968132019,8.09375,0.8251341581344604,9.09375,19.875,8.78125,7.9375,8.9375,8.75,9.252450980392156,1.4279141426086426,2.3033740520477295,0.004999741114163738,2.3042593002319336,2.3570494651794434,2.3653764724731445,94.97549019607843,"{'T': 'B', 'S': 'B'}"
