similarity,student,teacher,neither
46.37850765306123,29.302991691468254,17.25620659722222,32.638622120596196
