similarity,student,teacher,neither,other
62.18333333333332,17.744791666666668,23.782346491228072,24.480052901396167,29.777777777777775
