similarity,student,teacher,neither,other
3.7537760416666677,3.7240745907738093,71.36077987938597,7.120789958960513,17.31026475694444
