similarity,student,teacher,neither,other
0.17471168154761893,3.8065083821614585,1.614471435546875,1.8538692650110085,1.157323443700397
