similarity,student,teacher,neither,other
0.6106677827380947,29.92314540318081,29.622315809461824,12.032513179624003,22.78974686879961
