similarity,student,teacher,neither,other
89.5796130952381,29.302991691468254,17.25620659722222,32.638622120596196,39.17832341269842
