similarity,student,teacher,neither
19.62130699936225,29.92314540318081,29.622315809461824,12.032513179624003
