similarity,student,teacher,neither,other
0.0,0.0,4.244140625,1.1931290536556605,0.0
