similarity,student,teacher,neither,other
39.1484375,36.03125,10.108455882352942,18.117924528301888,16.671875
