similarity,student,teacher,neither,other
22.114583333333332,9.808919270833334,10.490776909722223,12.311070884146343,15.016989087301587
